timestamp,battery_voltage,battery_current,min_cell_voltage,max_cell_voltage,remain,soc,duty,battery_average_temp,battery_max_temp,pcb_average_temp,pcb_max_temp,cell_id_0,cell_id_1,cell_id_2,cell_id_3,cell_id_4,cell_id_5,cell_id_6,cell_id_7,cell_id_8,cell_id_9,cell_id_10,cell_id_11
1732017540.1676707,46.1653,1.8760000000000001,,,,,,,,,,,,,,,,,,,,,
1732017540.167812,,,3.8203,3.8876000000000004,,,,,,,,,,,,,,,,,,,
1732017540.167878,,,,,0,206,0,,,,,,,,,,,,,,,,
1732017540.167903,,,,,,,,24,25,38,38,,,,,,,,,,,,
1732017540.167954,,,,,,,,,,,,3.86,3.86,3.88,3.86,,,,,,,,
1732017540.1681297,,,,,,,,,,,,,,,,3.87,3.86,3.8200000000000003,3.8200000000000003,,,,
1732017540.1682048,,,,,,,,,,,,,,,,,,,,3.8200000000000003,3.8200000000000003,3.8200000000000003,3.8200000000000003
1732017540.7100213,46.1653,1.873,,,,,,,,,,,,,,,,,,,,,
1732017540.7102542,,,3.8203,3.8876000000000004,,,,,,,,,,,,,,,,,,,
1732017540.7105188,,,,,0,205,0,,,,,,,,,,,,,,,,
1732017540.7108319,,,,,,,,24,25,38,38,,,,,,,,,,,,
1732017540.7111523,,,,,,,,,,,,3.86,3.86,3.88,3.86,,,,,,,,
1732017540.7114215,,,,,,,,,,,,,,,,3.87,3.86,3.8200000000000003,3.8200000000000003,,,,
1732017540.7117257,,,,,,,,,,,,,,,,,,,,3.8200000000000003,3.8200000000000003,3.8200000000000003,3.8200000000000003
1732017541.262721,46.1653,1.899,,,,,,,,,,,,,,,,,,,,,
1732017541.2628803,,,3.8203,3.8876000000000004,,,,,,,,,,,,,,,,,,,
1732017541.2631981,,,,,0,205,0,,,,,,,,,,,,,,,,
1732017541.2633996,,,,,,,,24,25,38,38,,,,,,,,,,,,
1732017541.2636495,,,,,,,,,,,,3.86,3.86,3.88,3.86,,,,,,,,
1732017541.2640324,,,,,,,,,,,,,,,,3.87,3.86,3.8200000000000003,3.8200000000000003,,,,
1732017541.2643104,,,,,,,,,,,,,,,,,,,,3.8200000000000003,3.8200000000000003,3.8200000000000003,3.8200000000000003
1732017541.8149793,46.1653,1.8880000000000001,,,,,,,,,,,,,,,,,,,,,
1732017541.8150506,,,3.8203,3.8876000000000004,,,,,,,,,,,,,,,,,,,
1732017541.8154294,,,,,0,204,0,,,,,,,,,,,,,,,,
1732017541.815802,,,,,,,,24,25,38,38,,,,,,,,,,,,
1732017541.816027,,,,,,,,,,,,3.86,3.86,3.88,3.86,,,,,,,,
1732017541.8164685,,,,,,,,,,,,,,,,3.87,3.86,3.8200000000000003,3.8200000000000003,,,,
1732017541.8167462,,,,,,,,,,,,,,,,,,,,3.8200000000000003,3.8200000000000003,3.8200000000000003,3.8200000000000003
1732017542.367988,46.165800000000004,1.863,,,,,,,,,,,,,,,,,,,,,
1732017542.3680685,,,3.8202000000000003,3.8877,,,,,,,,,,,,,,,,,,,
1732017542.368671,,,,,0,204,0,,,,,,,,,,,,,,,,
1732017542.368796,,,,,,,,24,25,38,38,,,,,,,,,,,,
1732017542.369255,,,,,,,,,,,,3.86,3.86,3.88,3.86,,,,,,,,
1732017542.3693461,,,,,,,,,,,,,,,,3.87,3.86,3.8200000000000003,3.8200000000000003,,,,
1732017542.3705492,,,,,,,,,,,,,,,,,,,,3.8200000000000003,3.8200000000000003,3.8200000000000003,3.8200000000000003
1732017542.9208488,46.165800000000004,1.877,,,,,,,,,,,,,,,,,,,,,
1732017542.9209287,,,3.8202000000000003,3.8877,,,,,,,,,,,,,,,,,,,
1732017542.9215357,,,,,0,203,0,,,,,,,,,,,,,,,,
1732017542.921628,,,,,,,,24,25,38,38,,,,,,,,,,,,
1732017542.9218707,,,,,,,,,,,,3.86,3.86,3.88,3.86,,,,,,,,
1732017542.9219697,,,,,,,,,,,,,,,,3.87,3.86,3.8200000000000003,3.8200000000000003,,,,
1732017542.9226182,,,,,,,,,,,,,,,,,,,,3.8200000000000003,3.8200000000000003,3.8200000000000003,3.8200000000000003
1732017543.472642,46.165800000000004,1.901,,,,,,,,,,,,,,,,,,,,,
1732017543.4733179,,,3.8202000000000003,3.8877,,,,,,,,,,,,,,,,,,,
1732017543.4734848,,,,,0,203,0,,,,,,,,,,,,,,,,
1732017543.4738073,,,,,,,,24,25,38,38,,,,,,,,,,,,
1732017543.474351,,,,,,,,,,,,3.86,3.86,3.88,3.86,,,,,,,,
1732017543.4750037,,,,,,,,,,,,,,,,3.87,3.86,3.8200000000000003,3.8200000000000003,,,,
1732017543.4751685,,,,,,,,,,,,,,,,,,,,3.8200000000000003,3.8200000000000003,3.8200000000000003,3.8200000000000003
1732017544.0249252,46.165800000000004,1.874,,,,,,,,,,,,,,,,,,,,,
1732017544.0253174,,,3.8202000000000003,3.8877,,,,,,,,,,,,,,,,,,,
1732017544.0256402,,,,,0,202,0,,,,,,,,,,,,,,,,
1732017544.0259206,,,,,,,,24,25,38,38,,,,,,,,,,,,
1732017544.02627,,,,,,,,,,,,3.86,3.86,3.88,3.86,,,,,,,,
1732017544.0265622,,,,,,,,,,,,,,,,3.87,3.86,3.8200000000000003,3.8200000000000003,,,,
1732017544.0268316,,,,,,,,,,,,,,,,,,,,3.8200000000000003,3.8200000000000003,3.8200000000000003,3.8200000000000003
1732017544.5779169,46.1649,1.873,,,,,,,,,,,,,,,,,,,,,
1732017544.578082,,,3.8203,3.8876000000000004,,,,,,,,,,,,,,,,,,,
1732017544.5781143,,,,,0,202,0,,,,,,,,,,,,,,,,
1732017544.578839,,,,,,,,24,25,38,38,,,,,,,,,,,,
1732017544.579081,,,,,,,,,,,,3.86,3.86,3.88,3.86,,,,,,,,
1732017544.579199,,,,,,,,,,,,,,,,3.87,3.86,3.8200000000000003,3.8200000000000003,,,,
1732017544.5792336,,,,,,,,,,,,,,,,,,,,3.8200000000000003,3.8200000000000003,3.8200000000000003,3.8200000000000003
1732017545.1313968,46.1649,1.885,,,,,,,,,,,,,,,,,,,,,
1732017545.1315293,,,3.8203,3.8876000000000004,,,,,,,,,,,,,,,,,,,
1732017545.1315763,,,,,0,202,0,,,,,,,,,,,,,,,,
1732017545.1316092,,,,,,,,24,25,38,38,,,,,,,,,,,,
1732017545.1325824,,,,,,,,,,,,3.86,3.86,3.88,3.86,,,,,,,,
1732017545.132691,,,,,,,,,,,,,,,,3.87,3.86,3.8200000000000003,3.8200000000000003,,,,
1732017545.1327293,,,,,,,,,,,,,,,,,,,,3.8200000000000003,3.8200000000000003,3.8200000000000003,3.8200000000000003
1732017545.6828568,46.1649,1.891,,,,,,,,,,,,,,,,,,,,,
1732017545.6837823,,,3.8203,3.8876000000000004,,,,,,,,,,,,,,,,,,,
1732017545.6838636,,,,,0,201,0,,,,,,,,,,,,,,,,
1732017545.6839054,,,,,,,,24,25,38,38,,,,,,,,,,,,
1732017545.684432,,,,,,,,,,,,3.86,3.86,3.88,3.86,,,,,,,,
1732017545.6845098,,,,,,,,,,,,,,,,3.87,3.86,3.8200000000000003,3.8200000000000003,,,,
1732017545.6845567,,,,,,,,,,,,,,,,,,,,3.8200000000000003,3.8200000000000003,3.8200000000000003,3.8200000000000003
1732017546.2358263,46.1649,1.87,,,,,,,,,,,,,,,,,,,,,
1732017546.2359083,,,3.8203,3.8876000000000004,,,,,,,,,,,,,,,,,,,
1732017546.236339,,,,,0,201,0,,,,,,,,,,,,,,,,
1732017546.2364655,,,,,,,,24,25,38,38,,,,,,,,,,,,
1732017546.2365634,,,,,,,,,,,,3.86,3.86,3.88,3.86,,,,,,,,
1732017546.2366338,,,,,,,,,,,,,,,,3.87,3.86,3.8200000000000003,3.8200000000000003,,,,
1732017546.237368,,,,,,,,,,,,,,,,,,,,3.8200000000000003,3.8200000000000003,3.8200000000000003,3.8200000000000003
1732017546.7883217,46.1651,1.8760000000000001,,,,,,,,,,,,,,,,,,,,,
1732017546.7885103,,,3.8202000000000003,3.8877,,,,,,,,,,,,,,,,,,,
1732017546.7889054,,,,,0,200,0,,,,,,,,,,,,,,,,
1732017546.7889762,,,,,,,,24,25,39,39,,,,,,,,,,,,
1732017546.7894895,,,,,,,,,,,,3.86,3.86,3.88,3.86,,,,,,,,
1732017546.789558,,,,,,,,,,,,,,,,3.87,3.86,3.8200000000000003,3.8200000000000003,,,,
1732017546.7900903,,,,,,,,,,,,,,,,,,,,3.8200000000000003,3.8200000000000003,3.8200000000000003,3.8200000000000003
1732017547.3407216,46.1651,1.873,,,,,,,,,,,,,,,,,,,,,
1732017547.3407996,,,3.8202000000000003,3.8877,,,,,,,,,,,,,,,,,,,
1732017547.3417697,,,,,0,200,0,,,,,,,,,,,,,,,,
1732017547.342144,,,,,,,,24,25,39,39,,,,,,,,,,,,
1732017547.3422098,,,,,,,,,,,,3.86,3.86,3.88,3.86,,,,,,,,
1732017547.342674,,,,,,,,,,,,,,,,3.87,3.86,3.8200000000000003,3.8200000000000003,,,,
1732017547.3427527,,,,,,,,,,,,,,,,,,,,3.8200000000000003,3.8200000000000003,3.8200000000000003,3.8200000000000003
1732017547.8927913,46.1651,1.8820000000000001,,,,,,,,,,,,,,,,,,,,,
1732017547.893725,,,3.8202000000000003,3.8877,,,,,,,,,,,,,,,,,,,
1732017547.8937721,,,,,0,199,0,,,,,,,,,,,,,,,,
1732017547.8947625,,,,,,,,24,25,39,39,,,,,,,,,,,,
1732017547.8948073,,,,,,,,,,,,3.86,3.86,3.88,3.86,,,,,,,,
1732017547.8948493,,,,,,,,,,,,,,,,3.87,3.86,3.8200000000000003,3.8200000000000003,,,,
1732017547.8948705,,,,,,,,,,,,,,,,,,,,3.8200000000000003,3.8200000000000003,3.8200000000000003,3.8200000000000003
1732017548.4454818,46.1651,1.887,,,,,,,,,,,,,,,,,,,,,
1732017548.4460235,,,3.8202000000000003,3.8877,,,,,,,,,,,,,,,,,,,
1732017548.4462008,,,,,0,199,0,,,,,,,,,,,,,,,,
1732017548.4462557,,,,,,,,24,25,39,39,,,,,,,,,,,,
1732017548.4462905,,,,,,,,,,,,3.86,3.86,3.88,3.86,,,,,,,,
1732017548.446942,,,,,,,,,,,,,,,,3.87,3.86,3.8200000000000003,3.8200000000000003,,,,
1732017548.4477105,,,,,,,,,,,,,,,,,,,,3.8200000000000003,3.8200000000000003,3.8200000000000003,3.8200000000000003
1732017548.9988031,46.1647,1.885,,,,,,,,,,,,,,,,,,,,,
1732017548.999322,,,3.8202000000000003,3.8877,,,,,,,,,,,,,,,,,,,
1732017548.999431,,,,,0,198,0,,,,,,,,,,,,,,,,
1732017549.0001678,,,,,,,,24,25,39,39,,,,,,,,,,,,
1732017549.000241,,,,,,,,,,,,3.86,3.86,3.88,3.86,,,,,,,,
1732017549.0003428,,,,,,,,,,,,,,,,3.87,3.86,3.8200000000000003,3.8200000000000003,,,,
1732017549.000381,,,,,,,,,,,,,,,,,,,,3.8200000000000003,3.8200000000000003,3.8200000000000003,3.8200000000000003
1732017549.5506394,46.1647,1.9040000000000001,,,,,,,,,,,,,,,,,,,,,
1732017549.5507286,,,3.8202000000000003,3.8877,,,,,,,,,,,,,,,,,,,
1732017549.5511155,,,,,0,198,0,,,,,,,,,,,,,,,,
1732017549.551185,,,,,,,,24,25,39,39,,,,,,,,,,,,
1732017549.5517037,,,,,,,,,,,,3.86,3.86,3.88,3.86,,,,,,,,
1732017549.5525894,,,,,,,,,,,,,,,,3.87,3.86,3.8200000000000003,3.8200000000000003,,,,
1732017549.552689,,,,,,,,,,,,,,,,,,,,3.8200000000000003,3.8200000000000003,3.8200000000000003,3.8200000000000003
1732017550.103179,46.1647,1.879,,,,,,,,,,,,,,,,,,,,,
1732017550.1032588,,,3.8202000000000003,3.8877,,,,,,,,,,,,,,,,,,,
1732017550.103714,,,,,0,197,0,,,,,,,,,,,,,,,,
1732017550.103881,,,,,,,,24,25,39,39,,,,,,,,,,,,
1732017550.1039214,,,,,,,,,,,,3.86,3.86,3.88,3.86,,,,,,,,
1732017550.1042924,,,,,,,,,,,,,,,,3.87,3.86,3.8200000000000003,3.8200000000000003,,,,
1732017550.1048446,,,,,,,,,,,,,,,,,,,,3.8200000000000003,3.8200000000000003,3.8200000000000003,3.8200000000000003
1732017550.655427,46.1647,1.8880000000000001,,,,,,,,,,,,,,,,,,,,,
1732017550.6555014,,,3.8202000000000003,3.8877,,,,,,,,,,,,,,,,,,,
1732017550.6561399,,,,,0,197,0,,,,,,,,,,,,,,,,
1732017550.6562064,,,,,,,,24,25,39,39,,,,,,,,,,,,
1732017550.656529,,,,,,,,,,,,3.86,3.86,3.88,3.86,,,,,,,,
1732017550.6568115,,,,,,,,,,,,,,,,3.87,3.86,3.8200000000000003,3.8200000000000003,,,,
1732017550.6572201,,,,,,,,,,,,,,,,,,,,3.8200000000000003,3.8200000000000003,3.8200000000000003,3.8200000000000003
1732017550.9144828,46.1653,1.893,,,,,,,,,,,,,,,,,,,,,
1732017550.91455,,,3.8202000000000003,3.8876000000000004,,,,,,,,,,,,,,,,,,,
1732017550.9151256,,,,,0,195,0,,,,,,,,,,,,,,,,
1732017550.915176,,,,,,,,24,24,39,39,,,,,,,,,,,,
1732017550.9156969,,,,,,,,,,,,3.86,3.86,3.88,3.86,,,,,,,,
1732017550.9163501,,,,,,,,,,,,,,,,3.87,3.86,3.8200000000000003,3.8200000000000003,,,,
1732017550.9164069,,,,,,,,,,,,,,,,,,,,3.8200000000000003,3.8200000000000003,3.8200000000000003,3.8200000000000003
1732017551.4671152,46.1653,1.8980000000000001,,,,,,,,,,,,,,,,,,,,,
1732017551.467194,,,3.8202000000000003,3.8876000000000004,,,,,,,,,,,,,,,,,,,
1732017551.4674435,,,,,0,194,0,,,,,,,,,,,,,,,,
1732017551.4678729,,,,,,,,24,24,39,39,,,,,,,,,,,,
1732017551.4685485,,,,,,,,,,,,3.86,3.86,3.88,3.86,,,,,,,,
1732017551.4686408,,,,,,,,,,,,,,,,3.87,3.86,3.8200000000000003,3.8200000000000003,,,,
1732017551.4693604,,,,,,,,,,,,,,,,,,,,3.8200000000000003,3.8200000000000003,3.8200000000000003,3.8200000000000003
1732017552.0196524,46.1653,1.874,,,,,,,,,,,,,,,,,,,,,
1732017552.0197766,,,3.8202000000000003,3.8876000000000004,,,,,,,,,,,,,,,,,,,
1732017552.0199463,,,,,0,194,0,,,,,,,,,,,,,,,,
1732017552.0205288,,,,,,,,24,24,39,39,,,,,,,,,,,,
1732017552.02057,,,,,,,,,,,,3.86,3.86,3.88,3.86,,,,,,,,
1732017552.0210626,,,,,,,,,,,,,,,,3.87,3.86,3.8200000000000003,3.8200000000000003,,,,
1732017552.021631,,,,,,,,,,,,,,,,,,,,3.8200000000000003,3.8200000000000003,3.8200000000000003,3.8200000000000003
1732017552.5723765,46.1653,1.8900000000000001,,,,,,,,,,,,,,,,,,,,,
1732017552.5724492,,,3.8202000000000003,3.8876000000000004,,,,,,,,,,,,,,,,,,,
1732017552.5729663,,,,,0,193,0,,,,,,,,,,,,,,,,
1732017552.573034,,,,,,,,24,24,39,39,,,,,,,,,,,,
1732017552.5730636,,,,,,,,,,,,3.86,3.86,3.88,3.86,,,,,,,,
1732017552.5734758,,,,,,,,,,,,,,,,3.87,3.86,3.8200000000000003,3.8200000000000003,,,,
1732017552.573877,,,,,,,,,,,,,,,,,,,,3.8200000000000003,3.8200000000000003,3.8200000000000003,3.8200000000000003
1732017553.1241498,46.1655,1.885,,,,,,,,,,,,,,,,,,,,,
1732017553.124558,,,3.8204000000000002,3.8876000000000004,,,,,,,,,,,,,,,,,,,
1732017553.1248224,,,,,0,193,0,,,,,,,,,,,,,,,,
1732017553.125092,,,,,,,,24,24,39,39,,,,,,,,,,,,
1732017553.1256406,,,,,,,,,,,,3.86,3.86,3.88,3.86,,,,,,,,
1732017553.1258721,,,,,,,,,,,,,,,,3.87,3.86,3.8200000000000003,3.8200000000000003,,,,
1732017553.1262114,,,,,,,,,,,,,,,,,,,,3.8200000000000003,3.8200000000000003,3.8200000000000003,3.8200000000000003
1732017553.677051,46.1655,1.8840000000000001,,,,,,,,,,,,,,,,,,,,,
1732017553.6776779,,,3.8204000000000002,3.8876000000000004,,,,,,,,,,,,,,,,,,,
1732017553.6777349,,,,,0,192,0,,,,,,,,,,,,,,,,
1732017553.6779976,,,,,,,,24,24,39,39,,,,,,,,,,,,
1732017553.6782346,,,,,,,,,,,,3.86,3.86,3.88,3.86,,,,,,,,
1732017553.6787076,,,,,,,,,,,,,,,,3.87,3.86,3.8200000000000003,3.8200000000000003,,,,
1732017553.6788547,,,,,,,,,,,,,,,,,,,,3.8200000000000003,3.8200000000000003,3.8200000000000003,3.8200000000000003
1732017554.2302947,46.1655,1.885,,,,,,,,,,,,,,,,,,,,,
1732017554.230385,,,3.8204000000000002,3.8876000000000004,,,,,,,,,,,,,,,,,,,
1732017554.2304265,,,,,0,192,0,,,,,,,,,,,,,,,,
1732017554.2304666,,,,,,,,24,24,39,39,,,,,,,,,,,,
1732017554.2308843,,,,,,,,,,,,3.86,3.86,3.88,3.86,,,,,,,,
1732017554.2309694,,,,,,,,,,,,,,,,3.87,3.86,3.8200000000000003,3.8200000000000003,,,,
1732017554.2314758,,,,,,,,,,,,,,,,,,,,3.8200000000000003,3.8200000000000003,3.8200000000000003,3.8200000000000003
1732017554.7819402,46.1655,1.883,,,,,,,,,,,,,,,,,,,,,
1732017554.7823198,,,3.8204000000000002,3.8876000000000004,,,,,,,,,,,,,,,,,,,
1732017554.7828243,,,,,0,191,0,,,,,,,,,,,,,,,,
1732017554.7828834,,,,,,,,24,24,39,39,,,,,,,,,,,,
1732017554.7832499,,,,,,,,,,,,3.86,3.86,3.88,3.86,,,,,,,,
1732017554.7836587,,,,,,,,,,,,,,,,3.87,3.86,3.8200000000000003,3.8200000000000003,,,,
1732017554.783734,,,,,,,,,,,,,,,,,,,,3.8200000000000003,3.8200000000000003,3.8200000000000003,3.8200000000000003
1732017555.3346214,46.165,1.877,,,,,,,,,,,,,,,,,,,,,
1732017555.3349109,,,3.8202000000000003,3.8877,,,,,,,,,,,,,,,,,,,
1732017555.3349583,,,,,0,191,0,,,,,,,,,,,,,,,,
1732017555.3353353,,,,,,,,24,24,39,39,,,,,,,,,,,,
1732017555.336256,,,,,,,,,,,,3.86,3.86,3.88,3.86,,,,,,,,
1732017555.3363445,,,,,,,,,,,,,,,,3.87,3.86,3.8200000000000003,3.8200000000000003,,,,
1732017555.3363817,,,,,,,,,,,,,,,,,,,,3.8200000000000003,3.8200000000000003,3.8200000000000003,3.8200000000000003
1732017555.8875327,46.165,1.877,,,,,,,,,,,,,,,,,,,,,
1732017555.8875945,,,3.8202000000000003,3.8877,,,,,,,,,,,,,,,,,,,
1732017555.8879557,,,,,0,191,0,,,,,,,,,,,,,,,,
1732017555.888761,,,,,,,,24,24,39,39,,,,,,,,,,,,
1732017555.888831,,,,,,,,,,,,3.86,3.86,3.88,3.86,,,,,,,,
1732017555.888893,,,,,,,,,,,,,,,,3.87,3.86,3.8200000000000003,3.8200000000000003,,,,
1732017555.8895311,,,,,,,,,,,,,,,,,,,,3.8200000000000003,3.8200000000000003,3.8200000000000003,3.8200000000000003
1732017556.4394336,46.165,1.9060000000000001,,,,,,,,,,,,,,,,,,,,,
1732017556.4398894,,,3.8202000000000003,3.8877,,,,,,,,,,,,,,,,,,,
1732017556.4399798,,,,,0,190,0,,,,,,,,,,,,,,,,
1732017556.440619,,,,,,,,24,24,39,39,,,,,,,,,,,,
1732017556.44095,,,,,,,,,,,,3.86,3.86,3.88,3.86,,,,,,,,
1732017556.4410236,,,,,,,,,,,,,,,,3.87,3.86,3.8200000000000003,3.8200000000000003,,,,
1732017556.4412894,,,,,,,,,,,,,,,,,,,,3.8200000000000003,3.8200000000000003,3.8200000000000003,3.8200000000000003
1732017556.9917507,46.165,1.872,,,,,,,,,,,,,,,,,,,,,
1732017556.9920845,,,3.8202000000000003,3.8877,,,,,,,,,,,,,,,,,,,
1732017556.9924934,,,,,0,190,0,,,,,,,,,,,,,,,,
1732017556.9927766,,,,,,,,24,24,39,39,,,,,,,,,,,,
1732017556.992969,,,,,,,,,,,,3.86,3.86,3.88,3.86,,,,,,,,
1732017556.9933138,,,,,,,,,,,,,,,,3.87,3.86,3.8200000000000003,3.8200000000000003,,,,
1732017556.9935386,,,,,,,,,,,,,,,,,,,,3.8200000000000003,3.8200000000000003,3.8200000000000003,3.8200000000000003
1732017557.5446827,46.164500000000004,1.879,,,,,,,,,,,,,,,,,,,,,
1732017557.5448964,,,3.8202000000000003,3.8875,,,,,,,,,,,,,,,,,,,
1732017557.545336,,,,,0,189,0,,,,,,,,,,,,,,,,
1732017557.5453782,,,,,,,,24,24,39,39,,,,,,,,,,,,
1732017557.5457838,,,,,,,,,,,,3.86,3.86,3.88,3.86,,,,,,,,
1732017557.546067,,,,,,,,,,,,,,,,3.87,3.86,3.8200000000000003,3.8200000000000003,,,,
1732017557.5464065,,,,,,,,,,,,,,,,,,,,3.8200000000000003,3.8200000000000003,3.8200000000000003,3.8200000000000003
1732017558.0972068,46.164500000000004,1.911,,,,,,,,,,,,,,,,,,,,,
1732017558.0973206,,,3.8202000000000003,3.8875,,,,,,,,,,,,,,,,,,,
1732017558.09792,,,,,0,189,0,,,,,,,,,,,,,,,,
1732017558.098253,,,,,,,,24,24,39,39,,,,,,,,,,,,
1732017558.0986307,,,,,,,,,,,,3.86,3.86,3.88,3.86,,,,,,,,
1732017558.0987868,,,,,,,,,,,,,,,,3.87,3.86,3.8200000000000003,3.8200000000000003,,,,
1732017558.0988207,,,,,,,,,,,,,,,,,,,,3.8200000000000003,3.8200000000000003,3.8200000000000003,3.8200000000000003
1732017558.6504261,46.164500000000004,1.899,,,,,,,,,,,,,,,,,,,,,
1732017558.650591,,,3.8202000000000003,3.8875,,,,,,,,,,,,,,,,,,,
1732017558.6506333,,,,,0,188,0,,,,,,,,,,,,,,,,
1732017558.6507518,,,,,,,,24,24,39,39,,,,,,,,,,,,
1732017558.650821,,,,,,,,,,,,3.86,3.86,3.88,3.86,,,,,,,,
1732017558.6513026,,,,,,,,,,,,,,,,3.87,3.86,3.8200000000000003,3.8200000000000003,,,,
1732017558.6521084,,,,,,,,,,,,,,,,,,,,3.8200000000000003,3.8200000000000003,3.8200000000000003,3.8200000000000003
1732017559.2026525,46.164500000000004,1.867,,,,,,,,,,,,,,,,,,,,,
1732017559.2027314,,,3.8202000000000003,3.8875,,,,,,,,,,,,,,,,,,,
1732017559.2028184,,,,,0,188,0,,,,,,,,,,,,,,,,
1732017559.2031808,,,,,,,,24,24,39,39,,,,,,,,,,,,
1732017559.2037106,,,,,,,,,,,,3.86,3.86,3.88,3.86,,,,,,,,
1732017559.2037866,,,,,,,,,,,,,,,,3.87,3.86,3.8200000000000003,3.8200000000000003,,,,
1732017559.2040424,,,,,,,,,,,,,,,,,,,,3.8200000000000003,3.8200000000000003,3.8200000000000003,3.8200000000000003
1732017559.7548234,46.164500000000004,1.879,,,,,,,,,,,,,,,,,,,,,
1732017559.7550912,,,3.8202000000000003,3.8876000000000004,,,,,,,,,,,,,,,,,,,
1732017559.755633,,,,,0,187,0,,,,,,,,,,,,,,,,
1732017559.755758,,,,,,,,24,24,39,39,,,,,,,,,,,,
1732017559.7557957,,,,,,,,,,,,3.86,3.86,3.88,3.86,,,,,,,,
1732017559.7565215,,,,,,,,,,,,,,,,3.87,3.86,3.8200000000000003,3.8200000000000003,,,,
1732017559.7565987,,,,,,,,,,,,,,,,,,,,3.8200000000000003,3.8200000000000003,3.8200000000000003,3.8200000000000003
1732017560.308141,46.164500000000004,1.8800000000000001,,,,,,,,,,,,,,,,,,,,,
1732017560.3083286,,,3.8202000000000003,3.8876000000000004,,,,,,,,,,,,,,,,,,,
1732017560.308466,,,,,0,187,0,,,,,,,,,,,,,,,,
1732017560.308531,,,,,,,,24,24,39,39,,,,,,,,,,,,
1732017560.308643,,,,,,,,,,,,3.86,3.86,3.88,3.86,,,,,,,,
1732017560.3087776,,,,,,,,,,,,,,,,3.87,3.86,3.8200000000000003,3.8200000000000003,,,,
1732017560.3095937,,,,,,,,,,,,,,,,,,,,3.8200000000000003,3.8200000000000003,3.8200000000000003,3.8200000000000003
1732017560.8598936,46.164500000000004,1.8900000000000001,,,,,,,,,,,,,,,,,,,,,
1732017560.8600225,,,3.8202000000000003,3.8876000000000004,,,,,,,,,,,,,,,,,,,
1732017560.8606231,,,,,0,186,0,,,,,,,,,,,,,,,,
1732017560.8606722,,,,,,,,24,24,39,39,,,,,,,,,,,,
1732017560.861056,,,,,,,,,,,,3.86,3.86,3.88,3.86,,,,,,,,
1732017560.8614101,,,,,,,,,,,,,,,,3.87,3.86,3.8200000000000003,3.8200000000000003,,,,
1732017560.8614957,,,,,,,,,,,,,,,,,,,,3.8200000000000003,3.8200000000000003,3.8200000000000003,3.8200000000000003
1732017561.412543,46.164500000000004,1.8840000000000001,,,,,,,,,,,,,,,,,,,,,
1732017561.412632,,,3.8202000000000003,3.8876000000000004,,,,,,,,,,,,,,,,,,,
1732017561.4126754,,,,,0,186,0,,,,,,,,,,,,,,,,
1732017561.413226,,,,,,,,24,24,39,39,,,,,,,,,,,,
1732017561.4136374,,,,,,,,,,,,3.86,3.86,3.88,3.86,,,,,,,,
1732017561.4137971,,,,,,,,,,,,,,,,3.87,3.86,3.8200000000000003,3.8200000000000003,,,,
1732017561.4147725,,,,,,,,,,,,,,,,,,,,3.8200000000000003,3.8200000000000003,3.8200000000000003,3.8200000000000003
1732017561.9651217,46.1655,1.8820000000000001,,,,,,,,,,,,,,,,,,,,,
1732017561.9653795,,,3.8203,3.8876000000000004,,,,,,,,,,,,,,,,,,,
1732017561.9655366,,,,,0,186,0,,,,,,,,,,,,,,,,
1732017561.965674,,,,,,,,24,24,39,39,,,,,,,,,,,,
1732017561.9663627,,,,,,,,,,,,3.86,3.86,3.88,3.86,,,,,,,,
1732017561.9669843,,,,,,,,,,,,,,,,3.87,3.86,3.8200000000000003,3.8200000000000003,,,,
1732017561.9670434,,,,,,,,,,,,,,,,,,,,3.8200000000000003,3.8200000000000003,3.8200000000000003,3.8200000000000003
1732017562.517929,46.1655,1.881,,,,,,,,,,,,,,,,,,,,,
1732017562.5180173,,,3.8203,3.8876000000000004,,,,,,,,,,,,,,,,,,,
1732017562.5181584,,,,,0,185,0,,,,,,,,,,,,,,,,
1732017562.5186968,,,,,,,,24,24,39,39,,,,,,,,,,,,
1732017562.5187845,,,,,,,,,,,,3.86,3.86,3.88,3.86,,,,,,,,
1732017562.5193362,,,,,,,,,,,,,,,,3.87,3.86,3.8200000000000003,3.8200000000000003,,,,
1732017562.5194275,,,,,,,,,,,,,,,,,,,,3.8200000000000003,3.8200000000000003,3.8200000000000003,3.8200000000000003
1732017563.0702727,46.1655,1.873,,,,,,,,,,,,,,,,,,,,,
1732017563.0704243,,,3.8203,3.8876000000000004,,,,,,,,,,,,,,,,,,,
1732017563.0707886,,,,,0,185,0,,,,,,,,,,,,,,,,
1732017563.0708368,,,,,,,,24,24,39,39,,,,,,,,,,,,
1732017563.0713377,,,,,,,,,,,,3.86,3.86,3.88,3.86,,,,,,,,
1732017563.071415,,,,,,,,,,,,,,,,3.87,3.86,3.8200000000000003,3.8200000000000003,,,,
1732017563.071682,,,,,,,,,,,,,,,,,,,,3.8200000000000003,3.8200000000000003,3.8200000000000003,3.8200000000000003
1732017563.6225996,46.1655,1.887,,,,,,,,,,,,,,,,,,,,,
1732017563.623171,,,3.8203,3.8876000000000004,,,,,,,,,,,,,,,,,,,
1732017563.623999,,,,,0,184,0,,,,,,,,,,,,,,,,
1732017563.6242123,,,,,,,,24,24,39,39,,,,,,,,,,,,
1732017563.6242654,,,,,,,,,,,,3.86,3.86,3.88,3.86,,,,,,,,
1732017563.6243408,,,,,,,,,,,,,,,,3.87,3.86,3.8200000000000003,3.8200000000000003,,,,
1732017563.6245127,,,,,,,,,,,,,,,,,,,,3.8200000000000003,3.8200000000000003,3.8200000000000003,3.8200000000000003
1732017564.1756005,46.1649,1.87,,,,,,,,,,,,,,,,,,,,,
1732017564.1756928,,,3.8203,3.8876000000000004,,,,,,,,,,,,,,,,,,,
1732017564.175745,,,,,0,184,0,,,,,,,,,,,,,,,,
1732017564.1757977,,,,,,,,24,24,39,39,,,,,,,,,,,,
1732017564.1763387,,,,,,,,,,,,3.86,3.86,3.88,3.86,,,,,,,,
1732017564.1764817,,,,,,,,,,,,,,,,3.87,3.86,3.8200000000000003,3.8200000000000003,,,,
1732017564.1771424,,,,,,,,,,,,,,,,,,,,3.8200000000000003,3.8200000000000003,3.8200000000000003,3.8200000000000003
1732017564.7272644,46.1649,1.877,,,,,,,,,,,,,,,,,,,,,
1732017564.7274203,,,3.8203,3.8876000000000004,,,,,,,,,,,,,,,,,,,
1732017564.7277856,,,,,0,183,0,,,,,,,,,,,,,,,,
1732017564.727948,,,,,,,,24,24,39,39,,,,,,,,,,,,
1732017564.728747,,,,,,,,,,,,3.86,3.86,3.88,3.86,,,,,,,,
1732017564.7288218,,,,,,,,,,,,,,,,3.87,3.86,3.8200000000000003,3.8200000000000003,,,,
1732017564.7291517,,,,,,,,,,,,,,,,,,,,3.8200000000000003,3.8200000000000003,3.8200000000000003,3.8200000000000003
1732017565.2798193,46.1649,1.8780000000000001,,,,,,,,,,,,,,,,,,,,,
1732017565.280307,,,3.8203,3.8876000000000004,,,,,,,,,,,,,,,,,,,
1732017565.2804182,,,,,0,183,0,,,,,,,,,,,,,,,,
1732017565.2808018,,,,,,,,24,24,39,39,,,,,,,,,,,,
1732017565.2811418,,,,,,,,,,,,3.86,3.86,3.88,3.86,,,,,,,,
1732017565.281204,,,,,,,,,,,,,,,,3.87,3.86,3.8200000000000003,3.8200000000000003,,,,
1732017565.2815967,,,,,,,,,,,,,,,,,,,,3.8200000000000003,3.8200000000000003,3.8200000000000003,3.8200000000000003
1732017565.8326287,46.1649,1.8800000000000001,,,,,,,,,,,,,,,,,,,,,
1732017565.8326766,,,3.8203,3.8876000000000004,,,,,,,,,,,,,,,,,,,
1732017565.833316,,,,,0,182,0,,,,,,,,,,,,,,,,
1732017565.8333693,,,,,,,,24,24,39,39,,,,,,,,,,,,
1732017565.8340695,,,,,,,,,,,,3.86,3.86,3.88,3.86,,,,,,,,
1732017565.8341403,,,,,,,,,,,,,,,,3.87,3.86,3.8200000000000003,3.8200000000000003,,,,
1732017565.8342254,,,,,,,,,,,,,,,,,,,,3.8200000000000003,3.8200000000000003,3.8200000000000003,3.8200000000000003
1732017566.3857703,46.165,1.887,,,,,,,,,,,,,,,,,,,,,
1732017566.3858237,,,3.8203,3.8875,,,,,,,,,,,,,,,,,,,
1732017566.3866436,,,,,0,182,0,,,,,,,,,,,,,,,,
1732017566.3867092,,,,,,,,24,24,39,39,,,,,,,,,,,,
1732017566.3867466,,,,,,,,,,,,3.86,3.86,3.88,3.86,,,,,,,,
1732017566.3868048,,,,,,,,,,,,,,,,3.87,3.86,3.8200000000000003,3.8200000000000003,,,,
1732017566.3868337,,,,,,,,,,,,,,,,,,,,3.8200000000000003,3.8200000000000003,3.8200000000000003,3.8200000000000003
1732017566.93707,46.165,1.889,,,,,,,,,,,,,,,,,,,,,
1732017566.937651,,,3.8203,3.8875,,,,,,,,,,,,,,,,,,,
1732017566.9380913,,,,,0,181,0,,,,,,,,,,,,,,,,
1732017566.9384115,,,,,,,,24,24,39,39,,,,,,,,,,,,
1732017566.9386508,,,,,,,,,,,,3.86,3.86,3.88,3.86,,,,,,,,
1732017566.938902,,,,,,,,,,,,,,,,3.87,3.86,3.8200000000000003,3.8200000000000003,,,,
1732017566.938967,,,,,,,,,,,,,,,,,,,,3.8200000000000003,3.8200000000000003,3.8200000000000003,3.8200000000000003
1732017567.4899433,46.165,1.883,,,,,,,,,,,,,,,,,,,,,
1732017567.4899907,,,3.8203,3.8875,,,,,,,,,,,,,,,,,,,
1732017567.4906495,,,,,0,181,0,,,,,,,,,,,,,,,,
1732017567.4913793,,,,,,,,24,24,39,39,,,,,,,,,,,,
1732017567.4914382,,,,,,,,,,,,3.86,3.86,3.88,3.86,,,,,,,,
1732017567.491507,,,,,,,,,,,,,,,,3.87,3.86,3.8200000000000003,3.8200000000000003,,,,
1732017567.4920218,,,,,,,,,,,,,,,,,,,,3.8200000000000003,3.8200000000000003,3.8200000000000003,3.8200000000000003
1732017568.0424688,46.165,1.873,,,,,,,,,,,,,,,,,,,,,
1732017568.0432093,,,3.8203,3.8875,,,,,,,,,,,,,,,,,,,
1732017568.0432708,,,,,0,180,0,,,,,,,,,,,,,,,,
1732017568.0443206,,,,,,,,24,24,39,39,,,,,,,,,,,,
1732017568.0443954,,,,,,,,,,,,3.86,3.86,3.88,3.86,,,,,,,,
1732017568.044453,,,,,,,,,,,,,,,,3.87,3.86,3.8200000000000003,3.8200000000000003,,,,
1732017568.0444872,,,,,,,,,,,,,,,,,,,,3.8200000000000003,3.8200000000000003,3.8200000000000003,3.8200000000000003
1732017568.5947056,46.165400000000005,1.875,,,,,,,,,,,,,,,,,,,,,
1732017568.5954223,,,3.8203,3.8877,,,,,,,,,,,,,,,,,,,
1732017568.5954576,,,,,0,180,0,,,,,,,,,,,,,,,,
1732017568.5957813,,,,,,,,24,24,39,39,,,,,,,,,,,,
1732017568.5964851,,,,,,,,,,,,3.86,3.86,3.88,3.86,,,,,,,,
1732017568.596529,,,,,,,,,,,,,,,,3.87,3.86,3.8200000000000003,3.8200000000000003,,,,
1732017568.5965471,,,,,,,,,,,,,,,,,,,,3.8200000000000003,3.8200000000000003,3.8200000000000003,3.8200000000000003
1732017569.1474996,46.165400000000005,1.8880000000000001,,,,,,,,,,,,,,,,,,,,,
1732017569.1481178,,,3.8203,3.8877,,,,,,,,,,,,,,,,,,,
1732017569.148187,,,,,0,180,0,,,,,,,,,,,,,,,,
1732017569.148986,,,,,,,,24,24,39,39,,,,,,,,,,,,
1732017569.1490498,,,,,,,,,,,,3.86,3.86,3.88,3.86,,,,,,,,
1732017569.1497169,,,,,,,,,,,,,,,,3.87,3.86,3.8200000000000003,3.8200000000000003,,,,
1732017569.1497855,,,,,,,,,,,,,,,,,,,,3.8200000000000003,3.8200000000000003,3.8200000000000003,3.8200000000000003
1732017569.6997225,46.165400000000005,1.8860000000000001,,,,,,,,,,,,,,,,,,,,,
1732017569.700615,,,3.8203,3.8877,,,,,,,,,,,,,,,,,,,
1732017569.700662,,,,,0,179,0,,,,,,,,,,,,,,,,
1732017569.7006905,,,,,,,,24,24,39,39,,,,,,,,,,,,
1732017569.700979,,,,,,,,,,,,3.86,3.86,3.88,3.86,,,,,,,,
1732017569.701387,,,,,,,,,,,,,,,,3.87,3.86,3.8200000000000003,3.8200000000000003,,,,
1732017569.7019298,,,,,,,,,,,,,,,,,,,,3.8200000000000003,3.8200000000000003,3.8200000000000003,3.8200000000000003
1732017570.252695,46.165400000000005,1.891,,,,,,,,,,,,,,,,,,,,,
1732017570.252816,,,3.8203,3.8877,,,,,,,,,,,,,,,,,,,
1732017570.2535105,,,,,0,179,0,,,,,,,,,,,,,,,,
1732017570.2536156,,,,,,,,24,24,39,39,,,,,,,,,,,,
1732017570.25366,,,,,,,,,,,,3.86,3.86,3.88,3.86,,,,,,,,
1732017570.254157,,,,,,,,,,,,,,,,3.87,3.86,3.8200000000000003,3.8200000000000003,,,,
1732017570.25421,,,,,,,,,,,,,,,,,,,,3.8200000000000003,3.8200000000000003,3.8200000000000003,3.8200000000000003
1732017570.8049316,46.1649,1.9040000000000001,,,,,,,,,,,,,,,,,,,,,
1732017570.8058238,,,3.8203,3.8877,,,,,,,,,,,,,,,,,,,
1732017570.8059342,,,,,0,178,0,,,,,,,,,,,,,,,,
1732017570.806729,,,,,,,,24,24,39,39,,,,,,,,,,,,
1732017570.806779,,,,,,,,,,,,3.86,3.86,3.88,3.86,,,,,,,,
1732017570.8068264,,,,,,,,,,,,,,,,3.87,3.86,3.8200000000000003,3.8200000000000003,,,,
1732017570.8068516,,,,,,,,,,,,,,,,,,,,3.8200000000000003,3.8200000000000003,3.8200000000000003,3.8200000000000003
1732017571.3578203,46.1649,1.8840000000000001,,,,,,,,,,,,,,,,,,,,,
1732017571.3583033,,,3.8203,3.8877,,,,,,,,,,,,,,,,,,,
1732017571.3583734,,,,,0,178,0,,,,,,,,,,,,,,,,
1732017571.35841,,,,,,,,24,24,39,39,,,,,,,,,,,,
1732017571.3587744,,,,,,,,,,,,3.86,3.86,3.88,3.86,,,,,,,,
1732017571.3591921,,,,,,,,,,,,,,,,3.87,3.86,3.8200000000000003,3.8200000000000003,,,,
1732017571.3595903,,,,,,,,,,,,,,,,,,,,3.8200000000000003,3.8200000000000003,3.8200000000000003,3.8200000000000003
1732017571.910355,46.1649,1.875,,,,,,,,,,,,,,,,,,,,,
1732017571.9108443,,,3.8203,3.8877,,,,,,,,,,,,,,,,,,,
1732017571.9109561,,,,,0,177,0,,,,,,,,,,,,,,,,
1732017571.911576,,,,,,,,24,24,39,39,,,,,,,,,,,,
1732017571.9118278,,,,,,,,,,,,3.86,3.86,3.88,3.86,,,,,,,,
1732017571.9127896,,,,,,,,,,,,,,,,3.87,3.86,3.8200000000000003,3.8200000000000003,,,,
1732017571.912863,,,,,,,,,,,,,,,,,,,,3.8200000000000003,3.8200000000000003,3.8200000000000003,3.8200000000000003
1732017572.4620388,46.1649,1.8760000000000001,,,,,,,,,,,,,,,,,,,,,
1732017572.462571,,,3.8203,3.8877,,,,,,,,,,,,,,,,,,,
1732017572.4626148,,,,,0,177,0,,,,,,,,,,,,,,,,
1732017572.463119,,,,,,,,24,24,39,39,,,,,,,,,,,,
1732017572.4637601,,,,,,,,,,,,3.86,3.86,3.88,3.86,,,,,,,,
1732017572.4638133,,,,,,,,,,,,,,,,3.87,3.86,3.8200000000000003,3.8200000000000003,,,,
1732017572.4639068,,,,,,,,,,,,,,,,,,,,3.8200000000000003,3.8200000000000003,3.8200000000000003,3.8200000000000003
1732017573.0157552,46.1651,1.883,,,,,,,,,,,,,,,,,,,,,
1732017573.0158775,,,3.8203,3.8876000000000004,,,,,,,,,,,,,,,,,,,
1732017573.0159347,,,,,0,176,0,,,,,,,,,,,,,,,,
1732017573.016233,,,,,,,,24,24,39,39,,,,,,,,,,,,
1732017573.0162776,,,,,,,,,,,,3.86,3.86,3.88,3.86,,,,,,,,
1732017573.0166724,,,,,,,,,,,,,,,,3.87,3.86,3.8200000000000003,3.8200000000000003,,,,
1732017573.0168421,,,,,,,,,,,,,,,,,,,,3.8200000000000003,3.8200000000000003,3.8200000000000003,3.8200000000000003
1732017573.5677624,46.1651,1.874,,,,,,,,,,,,,,,,,,,,,
1732017573.567821,,,3.8203,3.8876000000000004,,,,,,,,,,,,,,,,,,,
1732017573.5678732,,,,,0,176,0,,,,,,,,,,,,,,,,
1732017573.568202,,,,,,,,24,24,39,39,,,,,,,,,,,,
1732017573.5688763,,,,,,,,,,,,3.86,3.86,3.88,3.86,,,,,,,,
1732017573.5690181,,,,,,,,,,,,,,,,3.87,3.86,3.8200000000000003,3.8200000000000003,,,,
1732017573.5690484,,,,,,,,,,,,,,,,,,,,3.8200000000000003,3.8200000000000003,3.8200000000000003,3.8200000000000003
1732017574.1206558,46.1651,1.8760000000000001,,,,,,,,,,,,,,,,,,,,,
1732017574.1207137,,,3.8203,3.8876000000000004,,,,,,,,,,,,,,,,,,,
1732017574.1207457,,,,,0,175,0,,,,,,,,,,,,,,,,
1732017574.1214647,,,,,,,,24,24,39,39,,,,,,,,,,,,
1732017574.1215236,,,,,,,,,,,,3.86,3.86,3.88,3.86,,,,,,,,
1732017574.1216266,,,,,,,,,,,,,,,,3.87,3.86,3.8200000000000003,3.8200000000000003,,,,
1732017574.122,,,,,,,,,,,,,,,,,,,,3.8200000000000003,3.8200000000000003,3.8200000000000003,3.8200000000000003
1732017574.673409,46.1651,1.877,,,,,,,,,,,,,,,,,,,,,
1732017574.6734548,,,3.8203,3.8876000000000004,,,,,,,,,,,,,,,,,,,
1732017574.6734853,,,,,0,175,0,,,,,,,,,,,,,,,,
1732017574.6736202,,,,,,,,24,24,39,39,,,,,,,,,,,,
1732017574.673955,,,,,,,,,,,,3.86,3.86,3.88,3.86,,,,,,,,
1732017574.6740546,,,,,,,,,,,,,,,,3.87,3.86,3.8200000000000003,3.8200000000000003,,,,
1732017574.6745615,,,,,,,,,,,,,,,,,,,,3.8200000000000003,3.8200000000000003,3.8200000000000003,3.8200000000000003
1732017575.22561,46.1649,1.883,,,,,,,,,,,,,,,,,,,,,
1732017575.225679,,,3.8203,3.8875,,,,,,,,,,,,,,,,,,,
1732017575.2259583,,,,,0,174,0,,,,,,,,,,,,,,,,
1732017575.226005,,,,,,,,24,25,39,39,,,,,,,,,,,,
1732017575.2264748,,,,,,,,,,,,3.86,3.86,3.88,3.86,,,,,,,,
1732017575.226605,,,,,,,,,,,,,,,,3.87,3.86,3.8200000000000003,3.8200000000000003,,,,
1732017575.2270381,,,,,,,,,,,,,,,,,,,,3.8200000000000003,3.8200000000000003,3.8200000000000003,3.8200000000000003
1732017575.7681856,46.1649,1.872,,,,,,,,,,,,,,,,,,,,,
1732017575.768255,,,3.8203,3.8875,,,,,,,,,,,,,,,,,,,
1732017575.7690446,,,,,0,174,0,,,,,,,,,,,,,,,,
1732017575.769131,,,,,,,,24,25,39,39,,,,,,,,,,,,
1732017575.7693548,,,,,,,,,,,,3.86,3.86,3.88,3.86,,,,,,,,
1732017575.7698326,,,,,,,,,,,,,,,,3.87,3.86,3.8200000000000003,3.8200000000000003,,,,
1732017575.7699397,,,,,,,,,,,,,,,,,,,,3.8200000000000003,3.8200000000000003,3.8200000000000003,3.8200000000000003
1732017576.319956,46.1649,1.87,,,,,,,,,,,,,,,,,,,,,
1732017576.3206506,,,3.8203,3.8875,,,,,,,,,,,,,,,,,,,
1732017576.3206902,,,,,0,174,0,,,,,,,,,,,,,,,,
1732017576.320939,,,,,,,,24,25,39,39,,,,,,,,,,,,
1732017576.3212154,,,,,,,,,,,,3.86,3.86,3.88,3.86,,,,,,,,
1732017576.3217618,,,,,,,,,,,,,,,,3.87,3.86,3.8200000000000003,3.8200000000000003,,,,
1732017576.321819,,,,,,,,,,,,,,,,,,,,3.8200000000000003,3.8200000000000003,3.8200000000000003,3.8200000000000003
1732017576.8727746,46.1649,1.877,,,,,,,,,,,,,,,,,,,,,
1732017576.8728464,,,3.8203,3.8875,,,,,,,,,,,,,,,,,,,
1732017576.8734374,,,,,0,173,0,,,,,,,,,,,,,,,,
1732017576.8736496,,,,,,,,24,25,39,39,,,,,,,,,,,,
1732017576.8740416,,,,,,,,,,,,3.86,3.86,3.88,3.86,,,,,,,,
1732017576.8742037,,,,,,,,,,,,,,,,3.87,3.86,3.8200000000000003,3.8200000000000003,,,,
1732017576.8747814,,,,,,,,,,,,,,,,,,,,3.8200000000000003,3.8200000000000003,3.8200000000000003,3.8200000000000003
1732017577.4253407,46.1647,1.87,,,,,,,,,,,,,,,,,,,,,
1732017577.425433,,,3.8203,3.8875,,,,,,,,,,,,,,,,,,,
1732017577.4260824,,,,,0,173,0,,,,,,,,,,,,,,,,
1732017577.4261637,,,,,,,,24,25,39,39,,,,,,,,,,,,
1732017577.4265964,,,,,,,,,,,,3.86,3.86,3.88,3.86,,,,,,,,
1732017577.426683,,,,,,,,,,,,,,,,3.87,3.86,3.8200000000000003,3.8200000000000003,,,,
1732017577.4271822,,,,,,,,,,,,,,,,,,,,3.8200000000000003,3.8200000000000003,3.8200000000000003,3.8200000000000003
1732017577.9687066,46.1647,1.905,,,,,,,,,,,,,,,,,,,,,
1732017577.969093,,,3.8203,3.8875,,,,,,,,,,,,,,,,,,,
1732017577.9692202,,,,,0,172,0,,,,,,,,,,,,,,,,
1732017577.9696639,,,,,,,,24,25,39,39,,,,,,,,,,,,
1732017577.969708,,,,,,,,,,,,3.86,3.86,3.88,3.86,,,,,,,,
1732017577.9704423,,,,,,,,,,,,,,,,3.87,3.86,3.8200000000000003,3.8200000000000003,,,,
1732017577.9705064,,,,,,,,,,,,,,,,,,,,3.8200000000000003,3.8200000000000003,3.8200000000000003,3.8200000000000003
1732017578.519577,46.1647,1.899,,,,,,,,,,,,,,,,,,,,,
1732017578.5196865,,,3.8203,3.8875,,,,,,,,,,,,,,,,,,,
1732017578.5201306,,,,,0,172,0,,,,,,,,,,,,,,,,
1732017578.5202854,,,,,,,,24,25,39,39,,,,,,,,,,,,
1732017578.5208933,,,,,,,,,,,,3.86,3.86,3.88,3.86,,,,,,,,
1732017578.5209584,,,,,,,,,,,,,,,,3.87,3.86,3.8200000000000003,3.8200000000000003,,,,
1732017578.5210986,,,,,,,,,,,,,,,,,,,,3.8200000000000003,3.8200000000000003,3.8200000000000003,3.8200000000000003
1732017579.0721464,46.1647,1.885,,,,,,,,,,,,,,,,,,,,,
1732017579.0722141,,,3.8203,3.8875,,,,,,,,,,,,,,,,,,,
1732017579.0729516,,,,,0,171,0,,,,,,,,,,,,,,,,
1732017579.0730155,,,,,,,,24,25,39,39,,,,,,,,,,,,
1732017579.0733979,,,,,,,,,,,,3.86,3.86,3.88,3.86,,,,,,,,
1732017579.0734615,,,,,,,,,,,,,,,,3.87,3.86,3.8200000000000003,3.8200000000000003,,,,
1732017579.073755,,,,,,,,,,,,,,,,,,,,3.8200000000000003,3.8200000000000003,3.8200000000000003,3.8200000000000003
1732017579.6245065,46.1646,1.881,,,,,,,,,,,,,,,,,,,,,
1732017579.6245847,,,3.8202000000000003,3.8875,,,,,,,,,,,,,,,,,,,
1732017579.62501,,,,,0,171,0,,,,,,,,,,,,,,,,
1732017579.6250787,,,,,,,,24,24,39,39,,,,,,,,,,,,
1732017579.625448,,,,,,,,,,,,3.86,3.86,3.88,3.86,,,,,,,,
1732017579.6262598,,,,,,,,,,,,,,,,3.87,3.86,3.8200000000000003,3.8200000000000003,,,,
1732017579.626339,,,,,,,,,,,,,,,,,,,,3.8200000000000003,3.8200000000000003,3.8200000000000003,3.8200000000000003
1732017580.1771345,46.1646,1.873,,,,,,,,,,,,,,,,,,,,,
1732017580.1772544,,,3.8202000000000003,3.8875,,,,,,,,,,,,,,,,,,,
1732017580.17803,,,,,0,170,0,,,,,,,,,,,,,,,,
1732017580.1780858,,,,,,,,24,24,39,39,,,,,,,,,,,,
1732017580.1789367,,,,,,,,,,,,3.86,3.86,3.88,3.86,,,,,,,,
1732017580.1789992,,,,,,,,,,,,,,,,3.87,3.86,3.8200000000000003,3.8200000000000003,,,,
1732017580.179025,,,,,,,,,,,,,,,,,,,,3.8200000000000003,3.8200000000000003,3.8200000000000003,3.8200000000000003
1732017580.7297726,46.1646,1.8840000000000001,,,,,,,,,,,,,,,,,,,,,
1732017580.7298641,,,3.8202000000000003,3.8875,,,,,,,,,,,,,,,,,,,
1732017580.7304451,,,,,0,170,0,,,,,,,,,,,,,,,,
1732017580.730504,,,,,,,,24,24,39,39,,,,,,,,,,,,
1732017580.7305381,,,,,,,,,,,,3.86,3.86,3.88,3.86,,,,,,,,
1732017580.7311308,,,,,,,,,,,,,,,,3.87,3.86,3.8200000000000003,3.8200000000000003,,,,
1732017580.7315614,,,,,,,,,,,,,,,,,,,,3.8200000000000003,3.8200000000000003,3.8200000000000003,3.8200000000000003
1732017580.9896886,46.1647,1.883,,,,,,,,,,,,,,,,,,,,,
1732017580.9897635,,,3.8203,3.8876000000000004,,,,,,,,,,,,,,,,,,,
1732017580.9903376,,,,,0,168,0,,,,,,,,,,,,,,,,
1732017580.9904015,,,,,,,,24,25,39,39,,,,,,,,,,,,
1732017580.9904346,,,,,,,,,,,,3.86,3.86,3.88,3.86,,,,,,,,
1732017580.991011,,,,,,,,,,,,,,,,3.87,3.86,3.8200000000000003,3.8200000000000003,,,,
1732017580.991123,,,,,,,,,,,,,,,,,,,,3.8200000000000003,3.8200000000000003,3.8200000000000003,3.8200000000000003
1732017581.5419319,46.1646,1.8900000000000001,,,,,,,,,,,,,,,,,,,,,
1732017581.543651,,,3.8203,3.8875,,,,,,,,,,,,,,,,,,,
1732017581.5437655,,,,,0,167,0,,,,,,,,,,,,,,,,
1732017581.5438054,,,,,,,,24,25,39,39,,,,,,,,,,,,
1732017581.543835,,,,,,,,,,,,3.86,3.86,3.88,3.86,,,,,,,,
1732017581.5438797,,,,,,,,,,,,,,,,3.87,3.86,3.8200000000000003,3.8200000000000003,,,,
1732017581.54427,,,,,,,,,,,,,,,,,,,,3.8200000000000003,3.8200000000000003,3.8200000000000003,3.8200000000000003
1732017582.0945108,46.1646,1.881,,,,,,,,,,,,,,,,,,,,,
1732017582.0945644,,,3.8203,3.8875,,,,,,,,,,,,,,,,,,,
1732017582.094947,,,,,0,167,0,,,,,,,,,,,,,,,,
1732017582.0949996,,,,,,,,24,25,39,39,,,,,,,,,,,,
1732017582.095663,,,,,,,,,,,,3.86,3.86,3.88,3.86,,,,,,,,
1732017582.0962057,,,,,,,,,,,,,,,,3.87,3.86,3.8200000000000003,3.8200000000000003,,,,
1732017582.0962565,,,,,,,,,,,,,,,,,,,,3.8200000000000003,3.8200000000000003,3.8200000000000003,3.8200000000000003
1732017582.647102,46.1646,1.895,,,,,,,,,,,,,,,,,,,,,
1732017582.6475773,,,3.8203,3.8875,,,,,,,,,,,,,,,,,,,
1732017582.6480274,,,,,0,166,0,,,,,,,,,,,,,,,,
1732017582.648083,,,,,,,,24,25,39,39,,,,,,,,,,,,
1732017582.6483507,,,,,,,,,,,,3.86,3.86,3.88,3.86,,,,,,,,
1732017582.6486714,,,,,,,,,,,,,,,,3.87,3.86,3.8200000000000003,3.8200000000000003,,,,
1732017582.6489763,,,,,,,,,,,,,,,,,,,,3.8200000000000003,3.8200000000000003,3.8200000000000003,3.8200000000000003
1732017583.201001,46.1646,1.8900000000000001,,,,,,,,,,,,,,,,,,,,,
1732017583.2011073,,,3.8203,3.8875,,,,,,,,,,,,,,,,,,,
1732017583.2017405,,,,,0,166,0,,,,,,,,,,,,,,,,
1732017583.2019029,,,,,,,,24,25,39,39,,,,,,,,,,,,
1732017583.201974,,,,,,,,,,,,3.86,3.86,3.88,3.86,,,,,,,,
1732017583.2020824,,,,,,,,,,,,,,,,3.87,3.86,3.8200000000000003,3.8200000000000003,,,,
1732017583.2026505,,,,,,,,,,,,,,,,,,,,3.8200000000000003,3.8200000000000003,3.8200000000000003,3.8200000000000003
1732017583.7521334,46.1646,1.893,,,,,,,,,,,,,,,,,,,,,
1732017583.7522297,,,3.8203,3.8876000000000004,,,,,,,,,,,,,,,,,,,
1732017583.7524946,,,,,0,165,0,,,,,,,,,,,,,,,,
1732017583.7530375,,,,,,,,24,25,39,39,,,,,,,,,,,,
1732017583.7531016,,,,,,,,,,,,3.86,3.86,3.88,3.86,,,,,,,,
1732017583.7538667,,,,,,,,,,,,,,,,3.87,3.86,3.8200000000000003,3.8200000000000003,,,,
1732017583.753944,,,,,,,,,,,,,,,,,,,,3.8200000000000003,3.8200000000000003,3.8200000000000003,3.8200000000000003
1732017584.3046074,46.1646,1.874,,,,,,,,,,,,,,,,,,,,,
1732017584.3047392,,,3.8203,3.8876000000000004,,,,,,,,,,,,,,,,,,,
1732017584.3051958,,,,,0,165,0,,,,,,,,,,,,,,,,
1732017584.3054159,,,,,,,,24,25,39,39,,,,,,,,,,,,
1732017584.3058183,,,,,,,,,,,,3.86,3.86,3.88,3.86,,,,,,,,
1732017584.3063626,,,,,,,,,,,,,,,,3.87,3.86,3.8200000000000003,3.8200000000000003,,,,
1732017584.3064208,,,,,,,,,,,,,,,,,,,,3.8200000000000003,3.8200000000000003,3.8200000000000003,3.8200000000000003
1732017584.8576214,46.1646,1.8840000000000001,,,,,,,,,,,,,,,,,,,,,
1732017584.857741,,,3.8203,3.8876000000000004,,,,,,,,,,,,,,,,,,,
1732017584.8579862,,,,,0,164,0,,,,,,,,,,,,,,,,
1732017584.8580325,,,,,,,,24,25,39,39,,,,,,,,,,,,
1732017584.8586,,,,,,,,,,,,3.86,3.86,3.88,3.86,,,,,,,,
1732017584.8587813,,,,,,,,,,,,,,,,3.87,3.86,3.8200000000000003,3.8200000000000003,,,,
1732017584.8588622,,,,,,,,,,,,,,,,,,,,3.8200000000000003,3.8200000000000003,3.8200000000000003,3.8200000000000003
1732017585.420303,46.1648,1.897,,,,,,,,,,,,,,,,,,,,,
1732017585.4203835,,,3.8202000000000003,3.8875,,,,,,,,,,,,,,,,,,,
1732017585.4206412,,,,,0,164,0,,,,,,,,,,,,,,,,
1732017585.421244,,,,,,,,24,25,39,39,,,,,,,,,,,,
1732017585.4219303,,,,,,,,,,,,3.86,3.86,3.88,3.86,,,,,,,,
1732017585.4220448,,,,,,,,,,,,,,,,3.87,3.86,3.8200000000000003,3.8200000000000003,,,,
1732017585.4221,,,,,,,,,,,,,,,,,,,,3.8200000000000003,3.8200000000000003,3.8200000000000003,3.8200000000000003
1732017585.972977,46.1648,1.8800000000000001,,,,,,,,,,,,,,,,,,,,,
1732017585.9730492,,,3.8202000000000003,3.8875,,,,,,,,,,,,,,,,,,,
1732017585.9735885,,,,,0,163,0,,,,,,,,,,,,,,,,
1732017585.9739952,,,,,,,,24,25,39,39,,,,,,,,,,,,
1732017585.9740565,,,,,,,,,,,,3.86,3.86,3.88,3.86,,,,,,,,
1732017585.974108,,,,,,,,,,,,,,,,3.87,3.86,3.8200000000000003,3.8200000000000003,,,,
1732017585.9748125,,,,,,,,,,,,,,,,,,,,3.8200000000000003,3.8200000000000003,3.8200000000000003,3.8200000000000003
